,USER_ID,first_name,last_name,email,gender,address,state,mobile,zip_code,age,categories
0,1,Ashwathy,Menon,am5683@columbia.edu,Female,212 Sunnyslope St. Lockport,New York,646-207-5153,14094,30,sports-and-fitness
1,2,Jyothsna,Kodandera,jsk2260@columbia.edu,Female,7 Big Rock Cove St. Staten Island,New York,917-610-9133,10314,31,business
2,3,Remy,Fessions,rfessions9p@a8.net,Male,290 Fairfield St. Patchogue,New York,518-672-4091,11772,49,food-and-drink
3,4,Worth,Duling,wduling4l@msn.com,Male,7075 Young Ave. Brooklyn,New York,718-527-6085,11220,34,fashion
4,5,Elka,Allison,eallisonpv@tinypic.com,Male,7674 Colonial Street New York,New York,917-698-9382,10128,48,food-and-drink
5,6,Deerdre,Pettman,dpettmanfs@fda.gov,Female,56 Brickyard Ave. New York,New York,917-401-0624,10023,24,travel-and-outdoor
6,7,Dud,Harberer,dharberer4f@4shared.com,Female,10 East Canterbury St. Levittown,New York,917-751-8394,11756,30,health
7,8,Swetha,Shanmugam,ss6357@columbia.edu,Female,552 Birchwood Ave. Lindenhurst,New York,518-648-6071,11757,19,film-and-media
8,9,Carma,Edmondson,cedmondsonh4@yale.edu,Female,408 Ocean Ave. Bronx,New York,347-496-4193,10451,33,business
9,10,Evangeline,Baurerich,ebaureriche5@newyorker.com,Non-binary,36 Prospect Ave. Astoria,New York,585-950-4607,11106,44,science-and-tech
10,11,Heida,Ferby,hferbyj6@gmpg.org,Female,582 Woodside St. Bronx,New York,212-538-8037,10457,32,fashion
11,12,Cosette,Gainor,cgainor4j@slideshare.net,Male,437 Prince Avenue Spring Valley,New York,518-102-0946,10977,39,sports-and-fitness
12,13,Hall,Thebeaud,hthebeaud9q@mashable.com,Non-binary,7450 Cobblestone Road Far Rockaway,New York,518-171-0306,11691,41,travel-and-outdoor
13,14,Audry,Beringer,aberingerjz@de.vu,Non-binary,7732 East Plymouth Street Brooklyn,New York,646-346-0939,11201,35,charity-and-causes
14,15,Maitilde,Huge,mhugeo8@soup.io,Non-binary,61 Fairview Street Flushing,New York,516-724-9450,11355,36,health
15,16,Deepakraj,Selvakumar,dd3068@columbia.edu,Male,741 Stonybrook Ave. Endicott,New York,917-928-3790,13760,38,science-and-tech
16,17,Thadeus,Heild,theild5f@stumbleupon.com,Female,80 Rockaway St. Brooklyn,New York,212-258-6928,11203,29,food-and-drink
17,18,Mersey,Mander,mmanderdm@ameblo.jp,Non-binary,9285 Gainsway St. Bronx,New York,917-617-3032,10453,19,charity-and-causes
18,19,Cletus,Elsmor,celsmor4u@free.fr,Non-binary,7887 Border Avenue Brooklyn,New York,315-194-0551,11234,28,health
19,20,Franciskus,Stritton,fstrittonr0@comcast.net,Non-binary,489 W. Ocean Dr. Yonkers,New York,212-809-7108,10701,46,health
20,21,Eudora,Mabbs,emabbs1j@phpbb.com,Female,319 River Ave. Fairport,New York,718-648-0993,14450,32,business
21,22,Kristian,Worsfold,kworsfold22@amazonaws.com,Female,9057 Thompson Avenue Astoria,New York,716-444-9806,11105,35,fashion
22,23,Andie,Gellately,agellatelyhk@wikimedia.org,Female,147 2nd Lane New York,New York,646-456-3333,10028,49,film-and-media
23,24,Berry,Blezard,bblezarddv@google.de,Non-binary,5 Queen Ave. Brooklyn,New York,315-595-9606,11215,41,charity-and-causes
24,25,Leopold,Recke,lreckeeg@tiny.cc,Female,934 Henry Smith Street Elmont,New York,716-987-3942,11003,29,travel-and-outdoor
25,26,Erik,Poletto,epoletto9h@facebook.com,Non-binary,28 Dogwood Lane Hempstead,New York,718-814-6981,11550,28,film-and-media
26,27,Jill,Habbes,jhabbes5j@infoseek.co.jp,Female,7924 Garfield Street New York,New York,716-334-5195,10024,30,fashion
27,28,Matteo,Rowcastle,mrowcastleqb@macromedia.com,Non-binary,41 Honey Creek Court West Babylon,New York,845-334-6750,11704,36,business
28,29,Fleurette,Guidone,fguidonehp@redcross.org,Female,332C Peninsula Ave. Brooklyn,New York,315-856-1083,11235,42,business
29,30,Hermon,Costen,hcostend5@infoseek.co.jp,Female,701 Berkshire Lane Buffalo,New York,646-421-2233,14215,30,sports-and-fitness
30,31,Quintus,Worviell,qworviellhz@theatlantic.com,Female,9212 Hartford Ave. Bronx,New York,212-398-1438,10473,47,charity-and-causes
31,32,Codee,Harroll,charroll2n@wix.com,Non-binary,764 Plymouth St. Brooklyn,New York,212-841-0526,11224,21,business
32,33,Brion,Moreside,bmoreside8u@homestead.com,Female,2 Vernon Drive Brooklyn,New York,718-715-8733,11208,43,charity-and-causes
33,34,Mae,Scimone,mscimone4n@nationalgeographic.com,Male,64 Constitution Street New York,New York,518-664-5782,10029,42,health
34,35,Fanchon,Loughnan,floughnano7@naver.com,Female,757 Bayberry Ave. Brooklyn,New York,914-140-0245,11207,26,fashion
35,36,Conney,MacDermand,cmacdermandb7@bbc.co.uk,Male,2 E. Inverness Lane Astoria,New York,212-618-8009,11103,35,film-and-media
36,37,Maitilde,Ellaman,mellaman1s@eventbrite.com,Male,9474 NW. Delaware St. Brooklyn,New York,917-667-2201,11236,31,fashion
37,38,Bertie,Jeffs,bjeffsbc@blogtalkradio.com,Male,84 Bishop Drive Brooklyn,New York,212-260-3071,11211,37,spirituality
38,39,Jolyn,Vaughan-Hughes,jvaughanhughes4p@wunderground.com,Male,98 Middle River St. Brentwood,New York,716-639-7169,11717,40,fashion
39,40,Lexie,Yurocjkin,lyurocjkin5w@topsy.com,Female,455 Walt Whitman Dr. Bronx,New York,516-536-7899,10456,28,spirituality
40,41,Hunfredo,Attrill,hattrillce@tiny.cc,Male,7153 Leeton Ridge Street Brooklyn,New York,646-888-4132,11225,33,sports-and-fitness
41,42,Gay,Treasaden,gtreasadenrh@umn.edu,Female,8150 53rd Rd. Ithaca,New York,518-843-6383,14850,19,travel-and-outdoor
42,43,Charlot,Fairhead,cfairhead20@webmd.com,Female,33 Bear Hill St. East Elmhurst,New York,914-832-7802,11370,38,charity-and-causes
43,44,Uri,Ramm,uramm6v@state.gov,Female,152 Richardson Circle Huntington Station,New York,516-227-3607,11746,26,business
44,45,Lexy,Skerman,lskermani8@nifty.com,Female,611 Liberty Ave. Bronx,New York,646-411-8814,10461,22,science-and-tech
45,46,Tess,Fraine,tfraine6u@a8.net,Female,7982 Somerset Street Brooklyn,New York,212-379-4559,11210,31,charity-and-causes
46,47,Margy,Vischi,mvischi2v@ustream.tv,Non-binary,8922 Vine St. New York,New York,646-777-1655,10040,28,film-and-media
47,48,Evvy,Haysman,ehaysmano3@shinystat.com,Female,40 Myers Rd. Brooklyn,New York,716-108-2413,11219,29,science-and-tech
48,49,Frants,Dalgardno,fdalgardnobu@feedburner.com,Non-binary,49 Hilltop Drive Staten Island,New York,718-825-4345,10312,45,fashion
49,50,Shirley,Rizziello,srizziellomf@vimeo.com,Male,8579 Johnson Lane Bronx,New York,646-353-5119,10460,33,spirituality
50,51,Fay,Blondin,fblondinh@nature.com,Male,75 South Wentworth Rd. Rochester,New York,518-627-1080,14609,25,charity-and-causes
51,52,Mace,Pawley,mpawley3i@ox.ac.uk,Male,7243 Trout Street Flushing,New York,607-184-7247,11354,29,science-and-tech
52,53,Olivier,Siggery,osiggeryqa@imageshack.us,Female,5 South Ave. New York,New York,212-589-1189,10027,50,film-and-media
53,54,Immanuel,Pellman,ipellman2h@independent.co.uk,Female,946 Manchester Lane Bronx,New York,347-723-1698,10467,28,fashion
54,55,Karlotte,Sambath,ksambath7c@constantcontact.com,Non-binary,885 Cooper Drive Jamestown,New York,718-696-5176,14701,25,sports-and-fitness
55,56,Gweneth,Tibbotts,gtibbotts90@quantcast.com,Non-binary,8063 Lincoln Ave. New York,New York,212-611-7756,10034,20,spirituality
56,57,Rainer,MacKimm,rmackimmen@purevolume.com,Non-binary,36 North Thompson Rd. Brooklyn,New York,518-999-1061,11206,21,spirituality
57,58,Beverie,Sansom,bsansom5c@cnet.com,Male,881 8th Ave. New York,New York,716-510-6397,10016,46,sports-and-fitness
58,59,Jannel,Townes,jtownes17@forbes.com,Male,7 New Saddle Rd. Brooklyn,New York,518-222-0563,11209,20,health
59,60,Alexine,Castagnet,acastagnet3n@twitter.com,Female,7793 Edgewater Drive Brooklyn,New York,716-508-1249,11216,40,food-and-drink
60,61,Georgeanna,Legh,gleghl7@gravatar.com,Non-binary,7658 Newport Road Huntington,New York,212-354-0330,11743,40,health
61,62,Wally,Pigrome,wpigrome6x@stanford.edu,Male,8823 Fairway St. South Richmond Hill,New York,646-430-6774,11419,47,health
62,63,Harry,Rois,hroislm@xinhuanet.com,Female,8813 Briarwood Dr. North Tonawanda,New York,347-187-3561,14120,32,travel-and-outdoor
63,64,Tan,Kull,tkullco@walmart.com,Female,473 Trusel Drive Jamaica,New York,716-485-8609,11435,36,science-and-tech
64,65,Lucine,Sedgeworth,lsedgeworth9e@shutterfly.com,Male,24 Randall Mill Street Brooklyn,New York,585-367-1009,11233,42,sports-and-fitness
65,66,Matthew,Rogier,mrogier24@go.com,Non-binary,93 Trusel St. Webster,New York,646-252-2456,14580,38,sports-and-fitness
66,67,April,De Winton,adewintone4@rambler.ru,Male,47 East Linden Court Brooklyn,New York,718-523-8626,11238,35,charity-and-causes
67,68,Gunar,Arnatt,garnattm8@i2i.jp,Male,23 North Bowman Dr. Jamaica,New York,585-543-9735,11432,24,film-and-media
68,69,Gawen,Reveley,greveleyom@weebly.com,Male,92 Alderwood Ave. Bronx,New York,716-573-7888,10472,22,health
69,70,Darbee,Austin,daustincj@vimeo.com,Male,237 Cedarwood St. South Ozone Park,New York,914-533-1088,11420,33,food-and-drink
70,71,Shanon,Chansonnau,schansonnauhu@cnet.com,Male,295 Beach St. Bronx,New York,718-349-5679,10452,29,science-and-tech
71,72,Atlanta,Beeden,abeedeno@home.pl,Non-binary,481 E. High Ridge Court Bay Shore,New York,718-191-4812,11706,39,charity-and-causes
72,73,Annissa,Sellner,asellner97@photobucket.com,Non-binary,82 N. Brookside Rd. Bronx,New York,518-558-8072,10462,42,sports-and-fitness
73,74,Burton,Rapp,brappdr@cdbaby.com,Female,76 Wagon Road Jamaica,New York,646-733-0262,11434,18,fashion
74,75,Carlyn,Blance,cblancenw@rambler.ru,Female,34 Ann Avenue New York,New York,914-714-1397,10033,21,science-and-tech
75,76,Reinwald,Honywill,rhonywill55@clickbank.net,Male,39 Maiden Drive Brooklyn,New York,917-393-6454,11221,19,health
76,77,Dawn,Koppes,dkoppesdd@amazon.co.jp,Male,896 Church Ave. New York,New York,917-531-7228,10003,33,business
77,78,Tyne,Mowsley,tmowsley9k@intel.com,Non-binary,410 Buckingham Street Jackson Heights,New York,718-516-6802,11372,49,charity-and-causes
78,79,Godiva,Ilbert,gilbertlg@nsw.gov.au,Non-binary,123 Ridgewood St. Bronx,New York,718-295-0936,10468,48,sports-and-fitness
79,80,Arnoldo,Bundy,abundybq@uol.com.br,Female,698 Lakewood Dr. Brooklyn,New York,718-288-6532,11229,24,science-and-tech
80,81,Effie,Kelsall,ekelsalljm@weebly.com,Female,792 Del Monte Ave. Bronx,New York,315-788-2674,10466,39,sports-and-fitness
81,82,Uriah,Lashmore,ulashmorerm@census.gov,Female,8489 New Saddle St. Brooklyn,New York,716-543-7719,11230,31,sports-and-fitness
82,83,Nevsa,Kubal,nkubal7d@nih.gov,Male,7831 Tallwood St. Tonawanda,New York,718-788-5960,14150,30,science-and-tech
83,84,Judie,Brende,jbrendecv@sakura.ne.jp,Non-binary,7609 Annadale St. New York,New York,716-695-4952,10011,28,spirituality
84,85,Colver,Viccars,cviccarslv@blogtalkradio.com,Female,78 Bellevue Ave. Buffalo,New York,212-437-8070,14224,34,science-and-tech
85,86,Elnar,Wormstone,ewormstoneq2@spotify.com,Male,395 W. Beaver Ridge Ave. Bronx,New York,516-237-3379,10458,46,food-and-drink
86,87,Deedee,Coal,dcoalg7@mail.ru,Non-binary,8448 North Strawberry St. Fresh Meadows,New York,212-309-0632,11365,50,food-and-drink
87,88,Sadye,O'Loghlen,sologhlena7@forbes.com,Female,9315 Oklahoma Court Buffalo,New York,212-864-9493,14221,44,film-and-media
88,89,Kincaid,Ferrea,kferrea6z@drupal.org,Male,7488 Forest St. Poughkeepsie,New York,315-629-1904,12603,49,charity-and-causes
89,90,Jennica,Pull,jpull3z@hibu.com,Female,292 Edgemont Street Brooklyn,New York,516-935-1121,11212,45,travel-and-outdoor
90,91,Vitia,McCandless,vmccandlessla@java.com,Non-binary,66 N. Homewood Dr. New York,New York,212-362-0384,10002,29,business
91,92,Charmaine,Kimblin,ckimblinnh@csmonitor.com,Non-binary,7581 State Dr. Massapequa,New York,646-426-2938,11758,22,sports-and-fitness
92,93,Carena,Hanbury-Brown,chanburybrown2g@bloglovin.com,Male,702 Old Rocky River Dr. Brooklyn,New York,516-225-3485,11228,41,travel-and-outdoor
93,94,Lilias,Stares,lstares2a@fda.gov,Male,7 Randall Mill Ave. New York,New York,518-329-9156,10025,31,spirituality
94,95,Syman,Beincken,sbeinckenfh@bbb.org,Non-binary,278 Warren St. Brooklyn,New York,347-183-3795,11223,39,fashion
95,96,Birk,Hatry,bhatry7n@i2i.jp,Non-binary,9066 Wild Horse St. Woodside,New York,516-970-8459,11377,25,spirituality
96,97,Mendy,Ishchenko,mishchenkoh0@123-reg.co.uk,Female,434 Glenridge Road Westbury,New York,718-597-8786,11590,33,film-and-media
97,98,Carissa,Wimlett,cwimlett2b@kickstarter.com,Female,7873 Goldfield St. Staten Island,New York,646-890-1143,10306,18,charity-and-causes
98,99,Alta,Gottschalk,agottschalkgf@homestead.com,Female,7038 Buckingham Dr. Forest Hills,New York,212-394-9045,11375,39,science-and-tech
99,100,Karalee,Donisi,kdonisirb@usnews.com,Female,10 Pilgrim Ave. Brooklyn,New York,917-113-5627,11204,30,sports-and-fitness